subreddit,posemo_before,negemo_before,anger_before,anx_before,swear_before,agency_before,posemo_after,negemo_after,anger_after,anx_after,swear_after,agency_after,posemo_change,negemo_change,anger_change,anx_change,swear_change,agency_change
BidenIsNotMyPresident,0.23738872403560832,0.21068249258160238,0.09495548961424333,0.005934718100890208,0.03560830860534125,0.0,0.34408602150537637,0.13978494623655913,0.053763440860215055,0.0,0.03225806451612903,0.0,0.10669729746976805,-0.07089754634504325,-0.04119204875402827,-0.005934718100890208,-0.0033502440892122162,0.0
Israel,0.7767295597484277,0.4371069182389937,0.25471698113207547,0.012578616352201259,0.02830188679245283,0.0,0.6558441558441559,0.34415584415584416,0.18831168831168832,0.01948051948051948,0.006493506493506494,0.0,-0.12088540390427183,-0.09295107408314957,-0.06640529282038715,0.0069019031283182215,-0.021808380298946335,0.0
KamalaHarris,0.8669064748201439,0.24820143884892087,0.08752997601918465,0.03237410071942446,0.03477218225419664,0.0,0.30985915492957744,0.056338028169014086,0.0,0.014084507042253521,0.0,0.0,-0.5570473198905666,-0.19186341067990678,-0.08752997601918465,-0.018289593677170937,-0.03477218225419664,0.0
Palestine,0.20422535211267606,0.1619718309859155,0.09507042253521127,0.007042253521126761,0.0,0.0,0.256,0.164,0.08,0.012,0.008,0.0,0.051774647887323944,0.0020281690140845077,-0.015070422535211264,0.0049577464788732395,0.008,0.0
RussiaUkraineWar2022,0.24295774647887325,0.3485915492957746,0.2605633802816901,0.014084507042253521,0.014084507042253521,0.0,0.12021857923497267,0.366120218579235,0.26229508196721313,0.01639344262295082,0.01639344262295082,0.0,-0.12273916724390058,0.017528669283460363,0.0017317016855230016,0.002308935580697299,0.002308935580697299,0.0
climatechange,0.36666666666666664,0.2866666666666667,0.07333333333333333,0.02,0.023333333333333334,0.0,0.5144694533762058,0.33440514469453375,0.0932475884244373,0.03536977491961415,0.00964630225080386,0.0,0.1478027867095391,0.04773847802786707,0.019914255091103963,0.015369774919614148,-0.013687031082529475,0.0
democrats,0.4393939393939394,0.13257575757575757,0.05113636363636364,0.013257575757575758,0.015151515151515152,0.0,0.5283842794759825,0.2052401746724891,0.07860262008733625,0.017467248908296942,0.004366812227074236,0.0,0.08899034008204315,0.07266441709673152,0.027466256450972608,0.004209673150721184,-0.010784702924440916,0.0
elonmusk,0.3388888888888889,0.15555555555555556,0.06111111111111111,0.005555555555555556,0.0,0.0,0.32038834951456313,0.1407766990291262,0.06310679611650485,0.0,0.009708737864077669,0.0,-0.018500539374325775,-0.014778856526429351,0.001995685005393745,-0.005555555555555556,0.009708737864077669,0.0
europe,0.09836065573770492,0.13524590163934427,0.07377049180327869,0.012295081967213115,0.0,0.0,0.10163934426229508,0.2098360655737705,0.14754098360655737,0.009836065573770493,0.006557377049180328,0.0,0.003278688524590165,0.07459016393442622,0.07377049180327869,-0.002459016393442622,0.006557377049180328,0.0
republicans,0.27450980392156865,0.1876750700280112,0.08123249299719888,0.008403361344537815,0.008403361344537815,0.0,0.32441471571906355,0.13377926421404682,0.056856187290969896,0.010033444816053512,0.013377926421404682,0.0,0.0499049117974949,-0.05389580581396439,-0.024376305706228986,0.0016300834715156972,0.004974565076866867,0.0
trump,0.35233160621761656,0.12953367875647667,0.038860103626943004,0.0051813471502590676,0.010362694300518135,0.0,0.574468085106383,0.1702127659574468,0.09308510638297872,0.013297872340425532,0.047872340425531915,0.0,0.22213647888876648,0.04067908720097013,0.054225002756035715,0.008116525190166465,0.03750964612501378,0.0
ukraine,0.24484536082474226,0.2345360824742268,0.17783505154639176,0.007731958762886598,0.007731958762886598,0.0,0.2611111111111111,0.17222222222222222,0.10555555555555556,0.0,0.005555555555555556,0.0,0.01626575028636887,-0.06231386025200458,-0.0722794959908362,-0.007731958762886598,-0.0021764032073310425,0.0
